country,country_code,year,hdi,hdi_rank_2022,gdp_current_usd,population,gdp_per_capita_usd,gini_index,gini_index_source_year,poverty_headcount_ratio,poverty_headcount_ratio_source_year,life_expectancy,expected_years_schooling,mean_years_schooling,un_region,un_subregion
Afghanistan,AFG,2022,0.462,182,14502158192.090397,40578842,357.38225827366875,,,,,,,,Asia,Southern Asia
Angola,AGO,2022,0.591,150,104399746853.4014,35635029,2929.6944546727154,51.3,2018.0,49.90295419834461,2018.0,,,,Africa,Sub-Saharan Africa
Albania,ALB,2022,0.789,74,18916378860.54883,2451636,7715.818686195189,29.4,2020.0,0.0,2019.0,,,,Europe,Southern Europe
Andorra,AND,2022,0.884,35,3380602042.8428345,79705,42413.9268909458,,,,,,,,Europe,Southern Europe
United Arab Emirates,ARE,2022,0.937,17,507063968277.74,10074977,50329.04474895972,26.4,2018.0,,,,,,Asia,Western Asia
Argentina,ARG,2022,0.849,48,631133384439.9445,45407904,13899.196590090229,40.7,2022.0,,,,,,Americas,Latin America and the Caribbean
Armenia,ARM,2022,0.786,76,19513474648.24293,2969200,6571.963710172077,27.9,2022.0,0.38813461106411,2020.0,,,,Asia,Western Asia
Antigua and Barbuda,ATG,2022,0.826,54,1867733333.3333333,92840,20117.765331035473,,,,,,,,Americas,Latin America and the Caribbean
Australia,AUS,2022,0.946,10,1692956646855.7017,26018721,65066.86654027697,34.3,2018.0,0.49709397223352,2018.0,,,,Oceania,Australia and New Zealand
Austria,AUT,2022,0.926,22,470941926750.7412,9041851,52084.68119533724,30.9,2022.0,0.6406388870167501,2019.0,,,,Europe,Western Europe
Azerbaijan,AZE,2022,0.76,89,78807470588.2353,10141756,7770.594223350996,,,,,,,,Asia,Western Asia
Burundi,BDI,2022,0.42,187,3338722827.656905,13321097,250.6342253687444,37.5,2020.0,,,,,,Africa,Sub-Saharan Africa
Belgium,BEL,2022,0.942,12,583613982019.263,11680210,49966.0521531088,26.4,2022.0,0.0785524649988983,2019.0,,,,Europe,Western Europe
Benin,BEN,2022,0.504,173,17425418044.290585,13759501,1266.4280517360755,34.4,2021.0,19.16538004356062,2018.0,,,,Africa,Sub-Saharan Africa
Burkina Faso,BFA,2022,0.438,185,18820219331.22608,22509038,836.1183330547526,37.4,2021.0,33.661068989929674,2018.0,,,,Africa,Sub-Saharan Africa
Bangladesh,BGD,2022,0.67,129,460131688909.3012,169384897,2716.485926778355,33.4,2022.0,,,,,,Asia,Southern Asia
Bulgaria,BGR,2022,0.799,70,90346169914.93486,6465097,13974.44924877923,38.2,2022.0,0.9236337027139,2019.0,,,,Europe,Eastern Europe
Bahrain,BHR,2022,0.888,34,44383297872.34042,1524693,29109.66199250631,,,,,,,,Asia,Western Asia
Bahamas,BHS,2022,0.82,57,13136400000.0,397538,33044.38820942904,,,,,,,,Americas,Latin America and the Caribbean
Bosnia and Herzegovina,BIH,2022,0.779,80,24534663636.17784,3204802,7655.5942102438285,,,,,,,,Europe,Southern Europe
Belarus,BLR,2022,0.801,69,73775179924.60303,9228071,7994.648060748886,24.4,2020.0,0.0,2020.0,,,,Europe,Eastern Europe
Belize,BLZ,2022,0.7,118,2830507575.6840954,402733,7028.248431799965,39.9,2018.0,,,,,,Americas,Latin America and the Caribbean
Bolivia (Plurinational State of),BOL,2022,0.698,120,44008282879.884224,12077154,3643.9282698460433,41.2,2022.0,4.40718469227936,2020.0,,,,Americas,Latin America and the Caribbean
Brazil,BRA,2022,0.76,89,1951923942083.32,210306415,9281.333344412342,52.0,2022.0,1.72670979927661,2020.0,,,,Americas,Latin America and the Caribbean
Barbados,BRB,2022,0.809,62,5840673700.0,282318,20688.27952875835,,,,,,,,Americas,Latin America and the Caribbean
Brunei Darussalam,BRN,2022,0.823,55,16681536466.7183,455370,36632.92809521554,,,,,,,,Asia,South-eastern Asia
Bhutan,BTN,2022,0.681,125,2898227713.223154,780914,3711.327640717357,28.5,2022.0,1.54260800166799,2017.0,,,,Asia,Southern Asia
Botswana,BWA,2022,0.708,114,20321958850.03632,2439892,8329.040322291445,,,,,,,,Africa,Sub-Saharan Africa
Central African Republic,CAF,2022,0.387,191,2382618615.016939,5098039,467.35982502623835,43.0,2021.0,,,,,,Africa,Sub-Saharan Africa
Canada,CAN,2022,0.935,18,2161483369422.0144,38935934,55513.84408608291,29.9,2020.0,0.2470106469802399,2017.0,,,,Americas,Northern America
Switzerland,CHE,2022,0.967,1,818426550206.4498,8777088,93245.79521208513,33.8,2021.0,0.0305039809592566,2018.0,,,,Europe,Western Europe
Chile,CHL,2022,0.86,44,302116539409.02985,19553036,15451.131957667845,43.0,2022.0,0.74950309698656,2020.0,,,,Americas,Latin America and the Caribbean
China,CHN,2022,0.788,75,17881783387000.867,1412175000,12662.583169225392,35.7,2021.0,0.14242858705388,2019.0,,,,Asia,Eastern Asia
Côte d'Ivoire,CIV,2022,0.534,166,70173140101.43147,30395002,2308.7065466036643,35.3,2021.0,9.1845918580895,2018.0,,,,Africa,Sub-Saharan Africa
Cameroon,CMR,2022,0.587,151,43644068310.85101,27632771,1579.431476881237,42.2,2021.0,,,,,,Africa,Sub-Saharan Africa
Congo (Democratic Republic of the),COD,2022,0.481,180,65801547619.59741,102396968,642.6122658201892,44.7,2020.0,,,,,,Africa,Sub-Saharan Africa
Congo,COG,2022,0.593,149,15817030156.945892,6035104,2620.8380430471275,,,,,,,,Africa,Sub-Saharan Africa
Colombia,COL,2022,0.758,91,345329875078.5117,51737944,6674.596019480629,54.8,2022.0,10.31591638082436,2020.0,,,,Americas,Latin America and the Caribbean
Comoros,COM,2022,0.586,152,1242519407.7760253,834188,1489.4956625796885,,,,,,,,Africa,Sub-Saharan Africa
Cabo Verde,CPV,2022,0.661,131,2303738020.1514816,519741,4432.473135949409,,,,,,,,Africa,Sub-Saharan Africa
Costa Rica,CRI,2022,0.806,64,69243626028.59358,5081765,13625.900849132848,47.2,2022.0,2.06350854440484,2020.0,,,,Americas,Latin America and the Caribbean
Cuba,CUB,2022,0.764,85,,11059820,,,,,,,,,Americas,Latin America and the Caribbean
Cyprus,CYP,2022,0.907,29,29250532020.074577,1331370,21970.25020848793,31.5,2022.0,0.15383178586554,2019.0,,,,Asia,Western Asia
Czechia,CZE,2022,0.895,32,290565654835.8094,10672118,27226.61563860233,25.9,2022.0,0.0,2019.0,,,,Europe,Eastern Europe
Germany,DEU,2022,0.95,7,4082469490797.681,83177813,49081.23144326578,32.4,2020.0,0.0,2018.0,,,,Europe,Western Europe
Djibouti,DJI,2022,0.515,171,3674298479.076755,1137096,3231.300153264768,41.6,2017.0,17.00699172773848,2017.0,,,,Africa,Sub-Saharan Africa
Dominica,DMA,2022,0.74,97,607159259.2592592,66826,9085.674127723629,,,,,,,,Americas,Latin America and the Caribbean
Denmark,DNK,2022,0.952,5,400167196948.7074,5903037,67790.05399232758,29.3,2022.0,0.25140717907057,2019.0,,,,Europe,Northern Europe
Dominican Republic,DOM,2022,0.766,82,113537368176.1303,11230734,10109.523400352131,37.0,2022.0,0.76821580610328,2020.0,,,,Americas,Latin America and the Caribbean
Algeria,DZA,2022,0.745,93,225560256621.7572,45477389,4959.833041904785,,,,,,,,Africa,Northern Africa
Ecuador,ECU,2022,0.765,83,116586079000.0,17823897,6540.998245221009,45.5,2022.0,6.51924512161938,2020.0,,,,Americas,Latin America and the Caribbean
Egypt,EGY,2022,0.728,105,476747720364.7416,112618250,4233.307837448562,28.5,2021.0,3.80596479514805,2017.0,,,,Africa,Northern Africa
Eritrea,ERI,2022,0.493,175,,3409447,,,,,,,,,Africa,Sub-Saharan Africa
Spain,ESP,2022,0.911,27,1417800466262.6514,47786102,29669.72418597046,33.6,2022.0,0.79381342452812,2019.0,,,,Europe,Southern Europe
Estonia,EST,2022,0.899,31,37921480881.54295,1348840,28114.1431760201,32.3,2022.0,0.55694033588504,2019.0,,,,Europe,Northern Europe
Ethiopia,ETH,2022,0.492,176,126772703047.70145,125384287,1011.0732858232982,31.1,2021.0,,,,,,Africa,Sub-Saharan Africa
Finland,FIN,2022,0.942,12,281887430795.72095,5556106,50734.71074808885,27.9,2022.0,0.0388292295548243,2019.0,,,,Europe,Northern Europe
Fiji,FJI,2022,0.729,104,4979979531.272499,919422,5416.424156994828,30.7,2019.0,1.8463588819847,2019.0,,,,Oceania,Melanesia
France,FRA,2022,0.91,28,2779092236505.847,68184457,40758.442008357524,31.2,2022.0,0.0211680548389615,2018.0,,,,Europe,Western Europe
Micronesia (Federated States of),FSM,2022,0.634,135,430000000.0,112114,3835.3818434807426,,,,,,,,Oceania,Micronesia
Gabon,GAB,2022,0.693,123,21071739227.94216,2430747,8668.832761263167,38.0,2017.0,3.38524056382939,2017.0,,,,Africa,Sub-Saharan Africa
United Kingdom,GBR,2022,0.94,15,3088839763445.0234,67604000,45690.1923472727,32.4,2021.0,0.29805544854891,2017.0,,,,Europe,Northern Europe
Georgia,GEO,2022,0.814,60,24984568959.604965,3712502,6729.846599302833,33.5,2022.0,4.23353309953858,2020.0,,,,Asia,Western Asia
Ghana,GHA,2022,0.602,145,74263364041.87419,33149152,2240.279450945659,,,,,,,,Africa,Sub-Saharan Africa
Guinea,GIN,2022,0.471,181,20999229260.49945,14055137,1494.0608021465355,29.6,2018.0,23.18536680797821,2018.0,,,,Africa,Sub-Saharan Africa
Gambia,GMB,2022,0.495,174,2175099789.9782925,2636470,825.0045667040749,38.8,2020.0,,,,,,Africa,Sub-Saharan Africa
Guinea-Bissau,GNB,2022,0.483,179,1714166526.4457347,2105529,814.1262962636633,33.4,2021.0,24.66736995379106,2018.0,,,,Africa,Sub-Saharan Africa
Equatorial Guinea,GNQ,2022,0.65,133,13486788878.97569,1803545,7477.933114491566,38.5,2022.0,,,,,,Africa,Sub-Saharan Africa
Greece,GRC,2022,0.893,33,217581324512.0592,10436882,20847.349286123885,33.4,2022.0,0.68955173572356,2019.0,,,,Europe,Southern Europe
Grenada,GRD,2022,0.793,73,1224577777.7777777,116913,10474.265289384222,43.8,2018.0,,,,,,Americas,Latin America and the Caribbean
Guatemala,GTM,2022,0.629,136,95003330315.87544,17847877,5322.948511796414,45.2,2023.0,,,,,,Americas,Latin America and the Caribbean
Guyana,GUY,2022,0.742,95,14718388489.208632,821637,17913.492806687907,,,,,,,,Americas,Latin America and the Caribbean
"Hong Kong, China (SAR)",HKG,2022,0.956,4,358696261481.1598,7346100,48828.12124544449,,,,,,,,Asia,Eastern Asia
Honduras,HND,2022,0.624,138,31426041806.798485,10463872,3003.289968263993,46.8,2023.0,12.742991740703042,2019.0,,,,Americas,Latin America and the Caribbean
Croatia,HRV,2022,0.878,39,71997070660.48346,3855641,18673.177990503646,30.0,2022.0,0.25992585079527,2019.0,,,,Europe,Southern Europe
Haiti,HTI,2022,0.552,158,20253551920.551617,11503606,1760.626356687774,,,,,,,,Americas,Latin America and the Caribbean
Hungary,HUN,2022,0.851,47,177006128624.62692,9605074,18428.398222088337,30.2,2022.0,0.3017024616527,2019.0,,,,Europe,Eastern Europe
Indonesia,IDN,2022,0.713,112,1319076267310.162,278830529,4730.745489171891,35.5,2022.0,3.5474440287130005,2021.0,,,,Asia,South-eastern Asia
India,IND,2022,0.644,134,3353470496885.948,1425423212,2352.613924520508,25.5,2022.0,10.01220283574111,2019.0,,,,Asia,Southern Asia
Ireland,IRL,2022,0.95,7,533140011838.2764,5212836,102274.46477086109,29.9,2022.0,0.0039213858037028,2018.0,,,,Europe,Northern Europe
Iran (Islamic Republic of),IRN,2022,0.78,78,413394567603.5518,89524246,4617.682762762971,34.8,2022.0,1.05039941211212,2019.0,,,,Asia,Southern Asia
Iraq,IRQ,2022,0.673,128,286640340965.5172,44070551,6504.124283935484,29.8,2023.0,,,,,,Asia,Western Asia
Iceland,ISL,2022,0.959,3,28701830401.683697,382003,75135.09161363576,26.6,2018.0,0.0,2017.0,,,,Europe,Northern Europe
Israel,ISR,2022,0.915,25,525002447652.77344,9557500,54930.93880750964,37.9,2021.0,0.49676623734505,2018.0,,,,Asia,Western Asia
Italy,ITA,2022,0.906,30,2066972096553.7048,59013667,35025.31195957887,33.7,2022.0,1.45764687124155,2018.0,,,,Europe,Southern Europe
Jamaica,JAM,2022,0.706,115,17097760686.777462,2839144,6022.153397917634,39.9,2021.0,,,,,,Americas,Latin America and the Caribbean
Jordan,JOR,2022,0.736,99,48653381830.98592,11256263,4322.338757630834,,,,,,,,Asia,Western Asia
Japan,JPN,2022,0.92,24,4256410760723.75,125124989,34017.27180750242,32.3,2020.0,,,,,,Asia,Eastern Asia
Kazakhstan,KAZ,2022,0.802,67,225496328925.4941,20034609,11255.339643788113,29.2,2021.0,0.0151407910715231,2018.0,,,,Asia,Central Asia
Kenya,KEN,2022,0.601,146,113419826113.90314,54252461,2090.5932011803693,38.7,2021.0,,,,,,Africa,Sub-Saharan Africa
Kyrgyzstan,KGZ,2022,0.701,117,12134931017.946526,6975220,1739.7201834417447,26.4,2022.0,1.08173158436824,2020.0,,,,Asia,Central Asia
Cambodia,KHM,2022,0.6,148,29504829319.316875,17201724,1715.2251320458854,,,,,,,,Asia,South-eastern Asia
Kiribati,KIR,2022,0.628,137,270520731.5990411,130469,2073.4483409778654,27.8,2019.0,1.30059208878089,2019.0,,,,Oceania,Micronesia
Saint Kitts and Nevis,KNA,2022,0.838,51,981429629.6296296,46709,21011.5744209816,,,,,,,,Americas,Latin America and the Caribbean
Korea (Republic of),KOR,2022,0.929,19,1673916511799.7087,51672569,32394.683372520318,32.9,2021.0,,,,,,Asia,Eastern Asia
Kuwait,KWT,2022,0.847,49,182809482400.9244,4589643,39830.87190025987,,,,,,,,Asia,Western Asia
Lao People's Democratic Republic,LAO,2022,0.62,139,15468785203.753174,7559007,2046.4044025562052,38.8,2018.0,9.98308858237644,2018.0,,,,Asia,South-eastern Asia
Lebanon,LBN,2022,0.723,109,20992421948.808086,5744489,3654.358455348785,,,,,,,,Asia,Western Asia
Liberia,LBR,2022,0.487,177,4001047000.0,5373294,744.617175237387,,,,,,,,Africa,Sub-Saharan Africa
Libya,LBY,2022,0.746,92,55938727098.01743,7223805,7743.665159568598,,,,,,,,Africa,Northern Africa
Saint Lucia,LCA,2022,0.725,108,2343703788.173233,178781,13109.356073482266,,,,,,,,Americas,Latin America and the Caribbean
Liechtenstein,LIE,2022,0.942,12,7364654515.139836,39493,186479.99683842293,,,,,,,,Europe,Western Europe
Sri Lanka,LKA,2022,0.78,78,74144875098.05867,22181000,3342.7201252449695,37.7,2019.0,,,,,,Asia,Southern Asia
Lesotho,LSO,2022,0.521,168,2289355249.401483,2286110,1001.4195508534074,44.9,2017.0,27.224015077256343,2017.0,,,,Africa,Sub-Saharan Africa
Lithuania,LTU,2022,0.879,37,71013953448.20845,2831639,25078.745365566887,36.6,2022.0,0.5479296562313,2019.0,,,,Europe,Northern Europe
Luxembourg,LUX,2022,0.927,20,81641807865.75908,653103,125006.02181548558,34.1,2022.0,0.10118747105832,2019.0,,,,Europe,Western Europe
Latvia,LVA,2022,0.879,37,40422521943.44179,1879383,21508.400333216694,33.7,2022.0,0.2391007969040499,2019.0,,,,Europe,Northern Europe
Morocco,MAR,2022,0.698,120,130912558829.8398,37329064,3506.9874462922457,,,,,,,,Africa,Northern Africa
Moldova (Republic of),MDA,2022,0.763,86,14510490660.251604,2528654,5738.424735156175,25.9,2022.0,0.0286451385575355,2019.0,,,,Europe,Eastern Europe
Madagascar,MDG,2022,0.487,177,15302510500.052752,30437261,502.75583272925746,,,,,,,,Africa,Sub-Saharan Africa
Maldives,MDV,2022,0.762,87,6170638746.313763,524106,11773.646449981039,29.3,2019.0,0.0,2019.0,,,,Asia,Southern Asia
Mexico,MEX,2022,0.781,77,1463323889036.5598,128613117,11377.718876345714,43.5,2022.0,3.1000052180539,2020.0,,,,Americas,Latin America and the Caribbean
Marshall Islands,MHL,2022,0.731,102,258774475.097656,40077,6456.932282797016,35.5,2019.0,0.8083783537712,2019.0,,,,Oceania,Micronesia
North Macedonia,MKD,2022,0.765,83,13711469681.153498,1831712,7485.603457941804,33.5,2019.0,3.39855634834071,2018.0,,,,Europe,Southern Europe
Mali,MLI,2022,0.41,188,18780322203.7584,23072640,813.965034073188,35.7,2021.0,16.330585381424,2018.0,,,,Africa,Sub-Saharan Africa
Malta,MLT,2022,0.915,25,18357069272.76817,531113,34563.39662702319,34.6,2022.0,0.30468177918413,2019.0,,,,Europe,Southern Europe
Myanmar,MMR,2022,0.608,144,62253049891.64494,53756787,1158.0500503433166,30.7,2017.0,1.36402578815915,2017.0,,,,Asia,South-eastern Asia
Montenegro,MNE,2022,0.844,50,6229801580.791574,623591,9990.204446169962,34.3,2021.0,2.8398329979515897,2018.0,,,,Europe,Southern Europe
Mongolia,MNG,2022,0.741,96,17146471713.748024,3433748,4993.514874634954,31.4,2022.0,0.49451709853643,2018.0,,,,Asia,Eastern Asia
Mozambique,MOZ,2022,0.461,183,18406835494.94681,32656246,563.6543617091447,50.3,2019.0,,,,,,Africa,Sub-Saharan Africa
Mauritania,MRT,2022,0.54,164,9744039514.556463,4875637,1998.5161968695502,32.0,2019.0,,,,,,Africa,Sub-Saharan Africa
Mauritius,MUS,2022,0.796,72,12927979286.045298,1262523,10239.797046109496,36.8,2017.0,0.20992926021087,2017.0,,,,Africa,Sub-Saharan Africa
Malawi,MWI,2022,0.508,172,13129458325.73793,20568728,638.3213549101301,38.5,2019.0,73.5238922554378,2019.0,,,,Africa,Sub-Saharan Africa
Malaysia,MYS,2022,0.807,63,407027451714.616,34695493,11731.421476403752,40.7,2021.0,,,,,,Asia,South-eastern Asia
Namibia,NAM,2022,0.61,142,12567271004.676125,2889662,4349.045322489663,,,,,,,,Africa,Sub-Saharan Africa
Niger,NER,2022,0.394,189,15433852712.296335,25311973,609.7451475748783,32.9,2021.0,41.35425170848051,2018.0,,,,Africa,Sub-Saharan Africa
Nigeria,NGA,2022,0.548,161,472624596925.9383,223150896,2117.9596649521777,35.1,2018.0,39.08520868720246,2018.0,,,,Africa,Sub-Saharan Africa
Nicaragua,NIC,2022,0.669,130,15649934214.927635,6730654,2325.1728903205594,,,,,,,,Americas,Latin America and the Caribbean
Netherlands,NLD,2022,0.946,10,1009398719033.078,17700982,57025.01245598001,25.7,2021.0,0.0957287045603752,2019.0,,,,Europe,Western Europe
Norway,NOR,2022,0.966,2,593726965415.6191,5457127,108798.45116590087,26.9,2022.0,0.15653396366021,2019.0,,,,Europe,Northern Europe
Nepal,NPL,2022,0.601,146,41182939600.67002,29715436,1385.910662750162,30.0,2022.0,,,,,,Asia,Southern Asia
Nauru,NRU,2022,0.696,122,153824609.47051683,11801,13034.879202653743,,,,,,,,Oceania,Micronesia
New Zealand,NZL,2022,0.939,16,246733522841.35272,5081700,48553.34294455649,,,,,,,,Oceania,Australia and New Zealand
Oman,OMN,2022,0.819,59,114667360208.06242,4730226,24241.41261074258,,,,,,,,Asia,Western Asia
Pakistan,PAK,2022,0.54,164,374787958882.3077,243700667,1537.902885109082,29.6,2018.0,3.5883019034966,2018.0,,,,Asia,Southern Asia
Panama,PAN,2022,0.82,57,76522511780.6222,4400773,17388.425120001008,50.9,2021.0,1.00409953625112,2019.0,,,,Americas,Latin America and the Caribbean
Peru,PER,2022,0.762,87,246488757636.21063,33475438,7363.272069396392,40.3,2022.0,4.43261508946134,2020.0,,,,Americas,Latin America and the Caribbean
Philippines,PHL,2022,0.71,113,404353369604.6311,113964338,3548.0693057211556,40.7,2021.0,2.7397379602254,2018.0,,,,Asia,South-eastern Asia
Palau,PLW,2022,0.797,71,242333709.716797,17759,13645.684425744523,,,,,,,,Oceania,Micronesia
Papua New Guinea,PNG,2022,0.568,154,31603619036.633846,10203169,3097.431693685937,,,,,,,,Oceania,Melanesia
Poland,POL,2022,0.881,36,689763329458.4408,36821749,18732.49772731982,28.9,2022.0,0.0,2019.0,,,,Europe,Eastern Europe
Portugal,PRT,2022,0.874,42,255196659934.3784,10434332,24457.40272921912,36.3,2022.0,0.14872061714375,2019.0,,,,Europe,Southern Europe
Paraguay,PRY,2022,0.731,102,41952910858.08456,6760464,6205.625953793195,44.8,2022.0,0.76359499840081,2020.0,,,,Americas,Latin America and the Caribbean
"Palestine, State of",PSE,2022,0.716,111,19165500000.0,5043612,3799.9552701516295,36.4,2023.0,,,,,,Asia,Western Asia
Qatar,QAT,2022,0.875,40,235770403734.9,2657333,88724.44805935124,35.1,2017.0,,,,,,Asia,Western Asia
Romania,ROU,2022,0.827,53,298891515898.0265,19048502,15691.077224761637,32.3,2022.0,2.04141221520164,2019.0,,,,Europe,Eastern Europe
Russian Federation,RUS,2022,0.821,56,2266029240645.338,144236933,15710.46467443493,35.1,2021.0,0.0101642723413573,2020.0,,,,Europe,Eastern Europe
Rwanda,RWA,2022,0.548,161,13316160803.518717,13651030,975.4693091670531,,,,,,,,Africa,Sub-Saharan Africa
Saudi Arabia,SAU,2022,0.875,40,1108571466666.6667,32175224,34454.19577084115,,,,,,,,Asia,Western Asia
Sudan,SDN,2022,0.516,170,51666875363.0963,49383346,1046.2408797309176,,,,,,,,Africa,Northern Africa
Senegal,SEN,2022,0.517,169,27619479059.613056,17651103,1564.7452207158417,36.2,2021.0,7.6022733419816095,2018.0,,,,Africa,Sub-Saharan Africa
Singapore,SGP,2022,0.949,9,498474540987.7802,5637022,88428.70242262319,,,,,,,,Asia,South-eastern Asia
Solomon Islands,SLB,2022,0.562,156,1566360686.106321,781066,2005.4139933197978,,,,,,,,Oceania,Melanesia
Sierra Leone,SLE,2022,0.458,184,4094563859.435564,8276807,494.70331486955826,35.7,2018.0,42.99102162277768,2018.0,,,,Africa,Sub-Saharan Africa
El Salvador,SLV,2022,0.674,127,31988920000.0,6280319,5093.518338797759,38.8,2022.0,1.40191517782003,2019.0,,,,Americas,Latin America and the Caribbean
San Marino,SMR,2022,0.867,43,,33755,,,,,,,,,Europe,Southern Europe
Somalia,SOM,2022,0.38,193,10419541202.0391,17801897,585.3051055198837,,,68.61574592509146,2017.0,,,,Africa,Sub-Saharan Africa
Serbia,SRB,2022,0.805,65,63563410720.70927,6664449,9537.684318795038,32.8,2022.0,0.0452318337305764,2019.0,,,,Europe,Southern Europe
South Sudan,SSD,2022,0.381,192,,11021177,,,,,,,,,Africa,Sub-Saharan Africa
Sao Tome and Principe,STP,2022,0.613,141,542686976.4575872,226305,2398.033523154978,40.7,2017.0,25.556906786708712,2017.0,,,,Africa,Sub-Saharan Africa
Suriname,SUR,2022,0.69,124,3620987993.326366,623164,5810.650155218154,39.2,2022.0,,,,,,Americas,Latin America and the Caribbean
Slovakia,SVK,2022,0.855,45,115584743573.55298,5431752,21279.458924772887,24.1,2022.0,0.11811626194862,2019.0,,,,Europe,Eastern Europe
Slovenia,SVN,2022,0.926,22,60063475466.34459,2112076,28438.122239135613,24.3,2022.0,0.0,2019.0,,,,Europe,Southern Europe
Sweden,SWE,2022,0.952,5,590409594949.1022,10486941,56299.50573280637,31.6,2022.0,0.31651861169315,2019.0,,,,Europe,Northern Europe
Eswatini (Kingdom of),SWZ,2022,0.61,142,4790922788.708641,1218917,3930.474994366836,,,,,,,,Africa,Sub-Saharan Africa
Seychelles,SYC,2022,0.802,67,2057968519.830909,119878,17167.19097608326,32.1,2018.0,0.4526851222801399,2018.0,,,,Africa,Sub-Saharan Africa
Syrian Arab Republic,SYR,2022,0.557,157,,22462173,,26.6,2022.0,,,,,,Asia,Western Asia
Chad,TCD,2022,0.394,189,12396807590.172993,18455316,671.7201477435008,37.4,2022.0,33.19263969528094,2018.0,,,,Africa,Sub-Saharan Africa
Togo,TGO,2022,0.547,163,8169476148.956921,9089738,898.7581544107125,37.9,2021.0,24.07772156003222,2018.0,,,,Africa,Sub-Saharan Africa
Thailand,THA,2022,0.803,66,495645210972.7507,71735329,6909.359974814512,34.3,2022.0,0.0434880058640449,2020.0,,,,Asia,South-eastern Asia
Tajikistan,TJK,2022,0.679,126,10713525200.39978,10182222,1052.1794948489417,,,,,,,,Asia,Central Asia
Turkmenistan,TKM,2022,0.744,94,56542857142.85714,7230193,7820.380056639863,,,,,,,,Asia,Central Asia
Timor-Leste,TLS,2022,0.566,155,3204753000.0,1369295,2340.4401535096526,,,,,,,,Asia,South-eastern Asia
Tonga,TON,2022,0.739,98,500274898.0852215,105042,4762.617791790156,27.1,2021.0,,,,,,Oceania,Polynesia
Trinidad and Tobago,TTO,2022,0.814,60,30053575132.14196,1365805,22004.29426758722,,,,,,,,Americas,Latin America and the Caribbean
Tunisia,TUN,2022,0.732,101,44579761022.89928,12119334,3678.400234113465,33.7,2021.0,,,,,,Africa,Northern Africa
Türkiye,TUR,2022,0.855,45,907118435952.688,84979913,10674.504173153107,44.5,2022.0,0.36060978928574,2019.0,,,,Asia,Western Asia
Tuvalu,TUV,2022,0.653,132,59065982.08736571,9992,5911.3272705530135,,,,,,,,Oceania,Polynesia
Tanzania (United Republic of),TZA,2022,0.532,167,75769974505.01057,64711821,1170.8830524953173,40.5,2018.0,49.365056673740106,2018.0,,,,Africa,Sub-Saharan Africa
Uganda,UGA,2022,0.55,159,45565333216.41416,47312719,963.0673142334974,42.7,2019.0,40.99174812263669,2019.0,,,,Africa,Sub-Saharan Africa
Ukraine,UKR,2022,0.734,100,161989520721.1905,41048766,3946.2701685402794,25.6,2020.0,0.0191334582193987,2020.0,,,,Europe,Eastern Europe
Uruguay,URY,2022,0.83,52,70164683290.37762,3390913,20691.973899176304,40.6,2022.0,0.18426015843024,2020.0,,,,Americas,Latin America and the Caribbean
United States,USA,2022,0.927,20,25744108000000.0,334017321,77074.1706535632,41.7,2022.0,0.99917052158586,2019.0,,,,Americas,Northern America
Uzbekistan,UZB,2022,0.727,106,81140823252.41638,34938955,2322.359762975635,31.2,2022.0,,,,,,Asia,Central Asia
Saint Vincent and the Grenadines,VCT,2022,0.772,81,966492592.5925924,102046,9471.146273176728,,,,,,,,Americas,Latin America and the Caribbean
Venezuela (Bolivarian Republic of),VEN,2022,0.699,119,,28213017,,,,,,,,,Americas,Latin America and the Caribbean
Viet Nam,VNM,2022,0.726,107,410324028883.32526,99680655,4116.385760941531,36.1,2022.0,1.80146449160213,2018.0,,,,Asia,South-eastern Asia
Vanuatu,VUT,2022,0.614,140,1022219297.5033524,313046,3265.396451330962,32.3,2019.0,8.645417540188859,2019.0,,,,Oceania,Melanesia
Samoa,WSM,2022,0.702,116,832945205.6371847,215261,3869.4663949214428,,,,,,,,Oceania,Polynesia
Yemen,YEM,2022,0.424,186,,38222876,,,,,,,,,Asia,Western Asia
South Africa,ZAF,2022,0.717,110,405270850098.7384,62378410,6496.973072874708,,,,,,,,Africa,Sub-Saharan Africa
Zambia,ZMB,2022,0.569,153,29163782140.485832,20152938,1447.1231013803463,51.5,2022.0,,,,,,Africa,Sub-Saharan Africa
Zimbabwe,ZWE,2022,0.55,159,27366627153.095413,16069056,1703.0637738206533,50.3,2019.0,39.75453322816893,2019.0,,,,Africa,Sub-Saharan Africa
