country_code,country,life_expectancy_year,life_expectancy,expected_years_schooling_year,expected_years_schooling,mean_years_schooling_year,mean_years_schooling
AFG,Afghanistan,2010.0,59.60009756,2015.0,10.4,2015.0,3.6
AGO,Angola,2010.0,50.65417073,2015.0,11.0,2015.0,5.0
ALB,Albania,2010.0,76.9785122,2015.0,14.8,2015.0,9.7
AND,Andorra,,,2015.0,13.5,2015.0,10.2
ARE,United Arab Emirates,2010.0,76.59860976,2015.0,13.8,2015.0,10.6
ARG,Argentina,2010.0,75.66356098,2015.0,17.4,2015.0,9.8
ARM,Armenia,2010.0,74.21965854,2015.0,13.0,2015.0,11.6
ATG,Antigua and Barbuda,2010.0,75.33390244,2015.0,13.3,2015.0,9.2
AUS,Australia,2010.0,81.69512195,2015.0,23.3,2015.0,12.8
AUT,Austria,2010.0,80.5804878,2015.0,15.9,2015.0,12.1
AZE,Azerbaijan,2010.0,70.45029268,2015.0,12.7,2015.0,10.7
BDI,Burundi,2010.0,52.62402439,2015.0,11.7,2015.0,2.9
BEL,Belgium,2010.0,80.23414634,2015.0,19.8,2015.0,11.7
BEN,Benin,2010.0,58.74668293,2015.0,12.6,2015.0,3.5
BFA,Burkina Faso,2010.0,55.0067561,2015.0,8.3,2015.0,1.4
BGD,Bangladesh,2010.0,69.48580488,2015.0,11.3,2015.0,5.2
BGR,Bulgaria,2010.0,73.51219512,2015.0,15.1,2015.0,11.8
BHR,Bahrain,2010.0,76.26485366,2015.0,14.8,2015.0,9.3
BHS,Bahamas,2010.0,74.59239024,2015.0,12.8,2015.0,11.1
BIH,Bosnia and Herzegovina,2010.0,75.80668293,2015.0,14.2,2015.0,9.0
BLR,Belarus,2010.0,70.40487805,2015.0,15.5,2015.0,12.2
BLZ,Belize,2010.0,73.2704878,2015.0,12.8,2015.0,10.5
BOL,Bolivia (Plurinational State of),2010.0,66.31970732,2015.0,13.8,2015.0,8.7
BRA,Brazil,2010.0,73.07531707,2015.0,15.4,2015.0,7.6
BRB,Barbados,2010.0,74.80178049,2015.0,15.3,2015.0,10.5
BRN,Brunei Darussalam,2010.0,77.98865854,2015.0,14.5,2015.0,9.0
BTN,Bhutan,2010.0,67.00468293,2015.0,12.2,2015.0,3.1
BWA,Botswana,2010.0,46.44029268,2015.0,12.6,2015.0,9.2
CAF,Central African Republic,2010.0,48.09873171,2015.0,7.1,2015.0,4.2
CAN,Canada,2010.0,80.8934878,2015.0,16.3,2015.0,13.1
CHE,Switzerland,2010.0,82.24634146,2015.0,16.2,2015.0,13.4
CHL,Chile,2010.0,79.05046341,2015.0,16.3,2015.0,10.3
CHN,China,2010.0,74.88502439,2015.0,13.8,2015.0,7.7
CIV,Côte d'Ivoire,2010.0,49.67529268,2015.0,8.8,2015.0,5.0
CMR,Cameroon,2010.0,53.69482927,2015.0,12.2,2015.0,6.1
COD,Congo (Democratic Republic of the),2010.0,48.98768293,2015.0,9.6,2015.0,6.4
COG,Congo,2010.0,57.20402439,2015.0,11.2,2015.0,6.3
COL,Colombia,2010.0,73.36768293,2015.0,14.4,2015.0,8.1
COM,Comoros,2010.0,60.20341463,2015.0,11.2,2015.0,4.8
CPV,Cabo Verde,2010.0,73.85697561,2015.0,12.6,2015.0,5.9
CRI,Costa Rica,2010.0,79.27970732,2015.0,15.1,2015.0,8.8
CUB,Cuba,2010.0,78.71778049,2015.0,14.0,2015.0,11.4
CYP,Cyprus,2010.0,79.30982927,2015.0,14.3,2015.0,11.9
CZE,Czechia,2010.0,77.42439024,2015.0,16.9,2015.0,12.7
DEU,Germany,2010.0,79.98780488,2015.0,17.0,2015.0,14.1
DJI,Djibouti,2010.0,60.29119512,2015.0,6.2,2015.0,4.1
DMA,Dominica,,,2015.0,12.8,2015.0,7.9
DNK,Denmark,2010.0,79.1,2015.0,19.2,2015.0,12.5
DOM,Dominican Republic,2010.0,72.79214634,2015.0,13.8,2015.0,7.8
DZA,Algeria,2010.0,70.61660976,2015.0,14.3,2015.0,7.9
ECU,Ecuador,2010.0,75.64770732,2015.0,14.3,2015.0,8.4
EGY,Egypt,2010.0,70.45082927,2015.0,13.1,2015.0,7.1
ERI,Eritrea,2010.0,61.18509756,2015.0,5.4,2015.0,3.9
ESP,Spain,2010.0,81.62682927,2015.0,17.8,2015.0,9.7
EST,Estonia,2010.0,75.42926829,2015.0,16.1,2015.0,12.7
ETH,Ethiopia,2010.0,61.46795122,2015.0,8.5,2015.0,2.6
FIN,Finland,2010.0,79.87073171,2015.0,17.6,2015.0,12.4
FJI,Fiji,2010.0,69.38231707,2015.0,15.3,2015.0,10.8
FRA,France,2010.0,81.66341463,2015.0,16.4,2015.0,11.5
FSM,Micronesia (Federated States of),2010.0,68.62173171,,,2015.0,8.0
GAB,Gabon,2010.0,62.2897561,2015.0,12.6,2015.0,8.1
GBR,United Kingdom,2010.0,80.40243902,2015.0,17.4,2015.0,12.8
GEO,Georgia,2010.0,73.67473171,2015.0,14.7,2015.0,12.7
GHA,Ghana,2010.0,60.59956098,2015.0,11.7,2015.0,6.9
GIN,Guinea,2010.0,55.298,2015.0,9.1,2015.0,2.6
GMB,Gambia,2010.0,58.1335122,2015.0,9.2,2015.0,3.4
GNB,Guinea-Bissau,2010.0,53.55843902,2015.0,10.5,2015.0,2.9
GNQ,Equatorial Guinea,2010.0,51.53307317,2015.0,9.2,2015.0,5.5
GRC,Greece,2010.0,80.38780488,2015.0,17.3,2015.0,10.6
GRD,Grenada,2010.0,72.33687805,2015.0,16.7,2015.0,8.7
GTM,Guatemala,2010.0,70.99597561,2015.0,10.8,2015.0,6.3
GUY,Guyana,2010.0,65.7024878,2015.0,11.4,2015.0,8.4
HKG,"Hong Kong, China (SAR)",2010.0,82.97804878,2015.0,16.3,2015.0,12.0
HND,Honduras,2010.0,72.85031707,2015.0,10.2,2015.0,6.3
HRV,Croatia,2010.0,76.47560976,2015.0,15.1,2015.0,11.2
HTI,Haiti,2010.0,61.8667561,2015.0,9.1,2015.0,5.2
HUN,Hungary,2010.0,74.20731707,2015.0,15.2,2015.0,11.8
IDN,Indonesia,2010.0,70.16785366,2015.0,12.7,2015.0,7.9
IND,India,2010.0,65.6942439,2015.0,12.0,2015.0,6.3
IRL,Ireland,2010.0,80.74390244,2015.0,19.6,2015.0,12.3
IRN,Iran (Islamic Republic of),2010.0,73.13014634,2015.0,14.9,2015.0,9.8
IRQ,Iraq,2010.0,68.8297561,2015.0,10.1,2015.0,6.6
ISL,Iceland,2010.0,81.89756098,2015.0,19.3,2015.0,12.2
ISR,Israel,2010.0,81.60243902,2015.0,16.0,2015.0,13.0
ITA,Italy,2010.0,82.03658537,2015.0,16.3,2015.0,10.2
JAM,Jamaica,2010.0,72.84712195,2015.0,13.1,2015.0,9.6
JOR,Jordan,2010.0,73.43587805,2015.0,13.0,2015.0,10.3
JPN,Japan,2010.0,82.84268293,2015.0,15.2,2015.0,12.5
KAZ,Kazakhstan,2010.0,68.29536585,2015.0,15.0,2015.0,11.7
KEN,Kenya,2010.0,59.54707317,2015.0,11.7,2015.0,6.3
KGZ,Kyrgyzstan,2010.0,69.3,2015.0,13.3,2015.0,10.8
KHM,Cambodia,2010.0,70.64336585,2015.0,11.7,2015.0,4.7
KIR,Kiribati,2010.0,67.88382927,2015.0,12.9,2015.0,7.9
KNA,Saint Kitts and Nevis,,,2015.0,14.2,2015.0,8.4
KOR,Korea (Republic of),2010.0,80.55121951,2015.0,16.5,1990.0,9.11
KWT,Kuwait,2010.0,74.16192683,2015.0,13.6,2015.0,7.1
LAO,Lao People's Democratic Republic,2010.0,66.89843902,2015.0,11.3,2015.0,5.1
LBN,Lebanon,2010.0,79.25278049,2015.0,12.5,2015.0,8.5
LBR,Liberia,2010.0,59.43431707,2015.0,10.0,2015.0,4.4
LBY,Libya,2010.0,74.7924878,2015.0,13.4,2015.0,7.3
LCA,Saint Lucia,2010.0,74.41102439,2015.0,13.6,2015.0,8.9
LIE,Liechtenstein,2010.0,81.84146341,2015.0,14.7,2015.0,12.4
LKA,Sri Lanka,2010.0,73.75526829,2015.0,13.9,2015.0,10.9
LSO,Lesotho,2010.0,47.48341463,2015.0,10.6,2015.0,6.1
LTU,Lithuania,2010.0,73.26829268,2015.0,16.1,2015.0,13.0
LUX,Luxembourg,2010.0,80.63170732,2015.0,14.0,2015.0,12.0
LVA,Latvia,2010.0,73.48292683,2015.0,15.8,2015.0,12.8
MAR,Morocco,2010.0,70.17158537,2015.0,12.3,2015.0,5.0
MDA,Moldova (Republic of),2010.0,68.45812195,2015.0,11.6,2015.0,11.6
MDG,Madagascar,2010.0,63.34973171,2015.0,10.6,2015.0,6.1
MDV,Maldives,2010.0,76.78631707,2015.0,12.7,2015.0,6.3
MEX,Mexico,2010.0,76.69029268,2015.0,13.7,2015.0,8.6
MHL,Marshall Islands,,,,,2015.0,10.8
MKD,North Macedonia,2010.0,74.72214634,2015.0,13.3,2015.0,9.6
MLI,Mali,2010.0,53.77073171,2015.0,7.5,2015.0,2.3
MLT,Malta,2010.0,81.39756098,2015.0,15.7,2015.0,11.2
MMR,Myanmar,2010.0,64.583,2015.0,9.9,2015.0,4.9
MNE,Montenegro,2010.0,74.41673171,2015.0,14.9,2015.0,11.3
MNG,Mongolia,2010.0,66.89460976,2015.0,15.0,2015.0,10.1
MOZ,Mozambique,2010.0,49.13707317,2015.0,9.7,2015.0,3.5
MRT,Mauritania,2010.0,61.0232439,2015.0,8.6,2015.0,4.3
MUS,Mauritius,2010.0,72.96731707,2015.0,15.1,2015.0,9.1
MWI,Malawi,2010.0,53.46570732,2015.0,10.7,2015.0,4.4
MYS,Malaysia,2010.0,74.49558537,2015.0,13.5,2015.0,10.2
NAM,Namibia,2010.0,62.48029268,2015.0,12.3,2015.0,6.7
NER,Niger,2010.0,56.98563415,2015.0,5.3,2015.0,1.8
NGA,Nigeria,2010.0,51.28941463,2015.0,10.0,2015.0,6.0
NIC,Nicaragua,2010.0,73.79512195,2015.0,12.1,2015.0,6.5
NLD,Netherlands,2010.0,80.70243902,2015.0,18.1,2015.0,12.1
NOR,Norway,2010.0,80.99756098,2015.0,17.7,2015.0,12.5
NPL,Nepal,2010.0,67.10492683,2015.0,12.2,2015.0,4.7
NRU,Nauru,,,2015.0,10.4,,
NZL,New Zealand,2010.0,80.70243902,2015.0,18.9,2015.0,12.4
OMN,Oman,2010.0,76.04580488,2015.0,13.9,2015.0,9.5
PAK,Pakistan,2010.0,66.12634146,2015.0,8.2,2015.0,5.1
PAN,Panama,2010.0,76.94870732,2015.0,12.7,2015.0,9.9
PER,Peru,2010.0,73.90509756,2015.0,13.8,2015.0,9.1
PHL,Philippines,2010.0,68.23026829,2015.0,12.6,2015.0,9.3
PLW,Palau,2000.0,70.49365854,2015.0,15.1,2015.0,12.2
PNG,Papua New Guinea,2010.0,62.00780488,2015.0,10.2,2015.0,4.3
POL,Poland,2010.0,76.24634146,2015.0,16.1,2015.0,12.1
PRT,Portugal,2010.0,79.02682927,2015.0,16.4,2015.0,9.1
PRY,Paraguay,2010.0,72.02665854,2015.0,12.7,2015.0,8.5
PSE,"Palestine, State of",2010.0,72.6404878,2015.0,12.8,2015.0,9.0
QAT,Qatar,2010.0,78.14604878,2015.0,13.4,2015.0,9.8
ROU,Romania,2010.0,73.45853659,2015.0,14.5,2015.0,10.9
RUS,Russian Federation,2010.0,68.85609756,2015.0,15.4,2015.0,12.0
RWA,Rwanda,2010.0,62.21214634,2015.0,10.8,2015.0,4.0
SAU,Saudi Arabia,2010.0,75.07560976,2015.0,16.9,2015.0,9.5
SDN,Sudan,2010.0,61.47829268,2015.0,7.3,2015.0,3.6
SEN,Senegal,2010.0,62.84187805,2015.0,9.3,2015.0,2.9
SGP,Singapore,2010.0,81.54146341,2015.0,16.1,2015.0,11.5
SLB,Solomon Islands,2010.0,67.06665854,2015.0,10.2,2015.0,5.4
SLE,Sierra Leone,2010.0,44.83895122,2015.0,9.5,2015.0,3.4
SLV,El Salvador,2010.0,71.63441463,2015.0,12.6,2015.0,6.6
SMR,San Marino,2010.0,83.15937916,2015.0,15.1,,
SRB,Serbia,2010.0,74.33658537,2015.0,14.4,2015.0,11.0
SSD,South Sudan,2010.0,53.465,2015.0,4.9,2015.0,4.8
STP,Sao Tome and Principe,2010.0,65.85368293,2015.0,12.5,2015.0,5.6
SUR,Suriname,2010.0,70.33582927,2015.0,12.7,2015.0,8.4
SVK,Slovakia,2010.0,75.11219512,2015.0,15.0,2015.0,12.5
SVN,Slovenia,2010.0,79.42195122,2015.0,17.2,2015.0,12.0
SWE,Sweden,2010.0,81.45121951,2015.0,17.6,2015.0,12.4
SWZ,Eswatini (Kingdom of),2010.0,48.3457561,2015.0,11.2,2015.0,6.5
SYC,Seychelles,2010.0,73.19756098,2015.0,14.6,2015.0,9.5
SYR,Syrian Arab Republic,2010.0,74.86763415,2015.0,8.8,2015.0,5.1
TCD,Chad,2010.0,49.76985366,2015.0,8.0,2015.0,2.3
TGO,Togo,2010.0,55.46887805,2015.0,12.4,2015.0,4.7
THA,Thailand,2010.0,73.81378049,2015.0,13.9,2015.0,7.6
TJK,Tajikistan,2010.0,66.9955122,2015.0,11.2,2015.0,10.5
TKM,Turkmenistan,2010.0,65.01821951,2015.0,10.8,2015.0,9.8
TLS,Timor-Leste,2010.0,65.94446341,2015.0,12.8,2015.0,4.5
TON,Tonga,2010.0,72.18263415,2015.0,14.3,2015.0,11.2
TTO,Trinidad and Tobago,2010.0,69.59736585,2015.0,12.7,2015.0,10.8
TUN,Tunisia,2010.0,74.60243902,2015.0,14.9,2015.0,7.0
TUR,Türkiye,2010.0,74.21119512,2015.0,15.2,2015.0,7.8
TZA,Tanzania (United Republic of),2010.0,59.18170732,2015.0,8.9,2015.0,5.8
UGA,Uganda,2010.0,57.29653659,2015.0,11.2,2015.0,5.7
UKR,Ukraine,2010.0,70.26536585,2015.0,15.0,2015.0,11.3
URY,Uruguay,2010.0,76.61621951,2015.0,15.9,2015.0,8.7
USA,United States,2010.0,78.54146341,2015.0,16.5,2015.0,13.3
UZB,Uzbekistan,2010.0,67.8587561,2015.0,11.7,2015.0,11.4
VCT,Saint Vincent and the Grenadines,2010.0,72.18492683,2015.0,13.3,2015.0,8.6
VEN,Venezuela (Bolivarian Republic of),2010.0,74.17046341,2015.0,14.3,2015.0,10.1
VNM,Viet Nam,2010.0,75.31173171,2015.0,12.7,2015.0,8.0
VUT,Vanuatu,2010.0,70.83890244,2015.0,10.9,2015.0,6.8
WSM,Samoa,2010.0,72.40802439,2015.0,12.4,2015.0,10.3
YEM,Yemen,2010.0,62.52765854,2015.0,9.0,2015.0,3.0
ZAF,South Africa,2010.0,54.3907561,2015.0,13.3,2015.0,10.1
ZMB,Zambia,2010.0,54.52756098,2015.0,12.5,2015.0,6.9
ZWE,Zimbabwe,2010.0,53.59312195,2015.0,10.3,2015.0,8.2
